Model,Accuracy,Precision,Recall,F1,AUC-ROC,CrossVal Score
Logistic Regression,0.7662337662337663,0.6862745098039216,0.6363636363636364,0.660377358490566,0.8088154269972452,0.7687458349993337
Random Forest,0.7337662337662337,0.6166666666666667,0.6727272727272727,0.6434782608695652,0.820018365472911,0.7605757696921231
XGBoost,0.7142857142857143,0.5873015873015873,0.6727272727272727,0.6271186440677966,0.7788797061524334,0.7475942956150874
Decision Tree,0.7272727272727273,0.5915492957746479,0.7636363636363637,0.6666666666666666,0.8194674012855832,0.7475676396108223
KNN,0.7402597402597403,0.6363636363636364,0.6363636363636364,0.6363636363636364,0.7449954086317723,0.7313074770091963
SVM,0.7337662337662337,0.6346153846153846,0.6,0.616822429906542,0.7990817263544536,0.7655071304811408
Voting,0.7662337662337663,0.6727272727272727,0.6727272727272727,0.6727272727272727,0.8170798898071625,0.7736771957883513
Stacking,0.7792207792207793,0.6981132075471698,0.6727272727272727,0.6851851851851852,0.8323232323232322,0.7606290817006531
